"","Site_Year","Species","Site","Year","Forest.type","Ell_Temp","Ell_Moisture","Ell_Light"
"1","LAZ2_2005","Fraxinus ornus","LAZ2",2005,"Mediterranean forest",8,3,7
"2","LAZ2_2005","Myrtus communis","LAZ2",2005,"Mediterranean forest",9,4,8
"3","LAZ2_2005","Pistacia lentiscus","LAZ2",2005,"Mediterranean forest",10,2,9
"4","LAZ2_2005","Quercus ilex","LAZ2",2005,"Mediterranean forest",9,4,7
"5","LAZ2_2005","Rubia peregrina","LAZ2",2005,"Mediterranean forest",9,4,5
"6","LAZ2_2005","Ruscus aculeatus","LAZ2",2005,"Mediterranean forest",8,4,4
"7","LAZ2_2005","Smilax aspera","LAZ2",2005,"Mediterranean forest",10,4,6
"8","LAZ2_2005","Viburnum tinus","LAZ2",2005,"Mediterranean forest",9,4,5
"9","LAZ2_2005","Erica arborea","LAZ2",2005,"Mediterranean forest",8,3,6
"10","LAZ2_2005","Coronilla emerus","LAZ2",2005,"Mediterranean forest",6,3,7
"11","LAZ2_2005","Asparagus acutifolius","LAZ2",2005,"Mediterranean forest",9,2,6
"12","LAZ2_2005","Asplenium onopteris","LAZ2",2005,"Mediterranean forest",7.7,3.7,5
"13","LAZ2_2005","Arum italicum","LAZ2",2005,"Mediterranean forest",8,4,6
"14","LAZ2_2005","Arbutus unedo","LAZ2",2005,"Mediterranean forest",9,3,9
"15","LAZ2_2005","Carex sp.","LAZ2",2005,"Mediterranean forest",NA,NA,NA
"16","LAZ2_2005","Phillyrea latifolia","LAZ2",2005,"Mediterranean forest",8,4,6
"17","LAZ2_2005","Ampelodesmos mauritanica","LAZ2",2005,"Mediterranean forest",11,2,8
"18","LAZ2_2005","Rhamnus alaternus","LAZ2",2005,"Mediterranean forest",9,4,7
"19","LAZ2_2005","Brachypodium ramosum","LAZ2",2005,"Mediterranean forest",10,2,9
"20","LAZ2_2010","Cyclamen hederifolium","LAZ2",2010,"Mediterranean forest",8,5,4
"21","LAZ2_2010","Fraxinus ornus","LAZ2",2010,"Mediterranean forest",8,3,7
"22","LAZ2_2010","Lonicera caprifolium","LAZ2",2010,"Mediterranean forest",5,6,6
"23","LAZ2_2010","Myrtus communis","LAZ2",2010,"Mediterranean forest",9,4,8
"24","LAZ2_2010","Pistacia lentiscus","LAZ2",2010,"Mediterranean forest",10,2,9
"25","LAZ2_2010","Quercus ilex","LAZ2",2010,"Mediterranean forest",9,4,7
"26","LAZ2_2010","Quercus pubescens","LAZ2",2010,"Mediterranean forest",7,4.5,7
"27","LAZ2_2010","Rubia peregrina","LAZ2",2010,"Mediterranean forest",9,4,5
"28","LAZ2_2010","Ruscus aculeatus","LAZ2",2010,"Mediterranean forest",8,4,4
"29","LAZ2_2010","Smilax aspera","LAZ2",2010,"Mediterranean forest",10,4,6
"30","LAZ2_2010","Tamus communis","LAZ2",2010,"Mediterranean forest",7,5,5
"31","LAZ2_2010","Viburnum tinus","LAZ2",2010,"Mediterranean forest",9,4,5
"32","LAZ2_2010","Coronilla emerus","LAZ2",2010,"Mediterranean forest",6,3,7
"33","LAZ2_2010","Asparagus acutifolius","LAZ2",2010,"Mediterranean forest",9,2,6
"34","LAZ2_2010","Asplenium onopteris","LAZ2",2010,"Mediterranean forest",7.7,3.7,5
"35","LAZ2_2010","Rosa sempervirens","LAZ2",2010,"Mediterranean forest",8,4,6
"36","LAZ2_2010","Arbutus unedo","LAZ2",2010,"Mediterranean forest",9,3,9
"37","LAZ2_2010","Carex sp.","LAZ2",2010,"Mediterranean forest",NA,NA,NA
"38","LAZ2_2010","Phillyrea latifolia","LAZ2",2010,"Mediterranean forest",8,4,6
"39","LAZ2_2010","Brachypodium ramosum","LAZ2",2010,"Mediterranean forest",10,2,9
"40","LAZ2_2010","Ampelodesmos mauritanicus","LAZ2",2010,"Mediterranean forest",11,2,8
"41","LAZ2_2010","Clematis flammula","LAZ2",2010,"Mediterranean forest",9,3,7
"42","LAZ2_2011","Fraxinus ornus","LAZ2",2011,"Mediterranean forest",8,3,7
"43","LAZ2_2011","Lamiastrum galeobdolon","LAZ2",2011,"Mediterranean forest",4,5,2
"44","LAZ2_2011","Myrtus communis","LAZ2",2011,"Mediterranean forest",9,4,8
"45","LAZ2_2011","Pistacia lentiscus","LAZ2",2011,"Mediterranean forest",10,2,9
"46","LAZ2_2011","Quercus ilex","LAZ2",2011,"Mediterranean forest",9,4,7
"47","LAZ2_2011","Rubia peregrina","LAZ2",2011,"Mediterranean forest",9,4,5
"48","LAZ2_2011","Ruscus aculeatus","LAZ2",2011,"Mediterranean forest",8,4,4
"49","LAZ2_2011","Smilax aspera","LAZ2",2011,"Mediterranean forest",10,4,6
"50","LAZ2_2011","Sorbus domestica","LAZ2",2011,"Mediterranean forest",7,3,5
"51","LAZ2_2011","Viburnum tinus","LAZ2",2011,"Mediterranean forest",9,4,5
"52","LAZ2_2011","Coronilla emerus","LAZ2",2011,"Mediterranean forest",6,3,7
"53","LAZ2_2011","Asparagus acutifolius","LAZ2",2011,"Mediterranean forest",9,2,6
"54","LAZ2_2011","Arbutus unedo","LAZ2",2011,"Mediterranean forest",9,3,9
"55","LAZ2_2011","Carex sp.","LAZ2",2011,"Mediterranean forest",NA,NA,NA
"56","LAZ2_2011","Phillyrea latifolia","LAZ2",2011,"Mediterranean forest",8,4,6
"57","LAZ2_2011","Ampelodesmos mauritanica","LAZ2",2011,"Mediterranean forest",11,2,8
"58","LAZ2_2011","Clematis flammula","LAZ2",2011,"Mediterranean forest",9,3,7
"59","LAZ2_2011","Brachypodium retusum","LAZ2",2011,"Mediterranean forest",10,2,9
"60","LAZ2_2012","Fraxinus ornus","LAZ2",2012,"Mediterranean forest",8,3,7
"61","LAZ2_2012","Myrtus communis","LAZ2",2012,"Mediterranean forest",9,4,8
"62","LAZ2_2012","Pistacia lentiscus","LAZ2",2012,"Mediterranean forest",10,2,9
"63","LAZ2_2012","Quercus ilex","LAZ2",2012,"Mediterranean forest",9,4,7
"64","LAZ2_2012","Quercus pubescens","LAZ2",2012,"Mediterranean forest",7,4.5,7
"65","LAZ2_2012","Rubia peregrina","LAZ2",2012,"Mediterranean forest",9,4,5
"66","LAZ2_2012","Ruscus aculeatus","LAZ2",2012,"Mediterranean forest",8,4,4
"67","LAZ2_2012","Smilax aspera","LAZ2",2012,"Mediterranean forest",10,4,6
"68","LAZ2_2012","Viburnum tinus","LAZ2",2012,"Mediterranean forest",9,4,5
"69","LAZ2_2012","Coronilla emerus","LAZ2",2012,"Mediterranean forest",6,3,7
"70","LAZ2_2012","Asparagus acutifolius","LAZ2",2012,"Mediterranean forest",9,2,6
"71","LAZ2_2012","Rosa sempervirens","LAZ2",2012,"Mediterranean forest",8,4,6
"72","LAZ2_2012","Arbutus unedo","LAZ2",2012,"Mediterranean forest",9,3,9
"73","LAZ2_2012","Carex sp.","LAZ2",2012,"Mediterranean forest",NA,NA,NA
"74","LAZ2_2012","Phillyrea latifolia","LAZ2",2012,"Mediterranean forest",8,4,6
"75","LAZ2_2012","Rhamnus alaternus","LAZ2",2012,"Mediterranean forest",9,4,7
"76","LAZ2_2012","Ampelodesmos mauritanicus","LAZ2",2012,"Mediterranean forest",11,2,8
"77","LAZ2_2012","Clematis flammula","LAZ2",2012,"Mediterranean forest",9,3,7
"78","LAZ2_2012","Lonicera sp.","LAZ2",2012,"Mediterranean forest",NA,NA,NA
"79","LAZ2_2012","Brachypodium retusum","LAZ2",2012,"Mediterranean forest",10,2,9
"80","LAZ2_2012","Prasium majus","LAZ2",2012,"Mediterranean forest",10,2,9
"81","SAR1_1999","Cytisus villosus","SAR1",1999,"Mediterranean forest",8,4,6
"82","SAR1_1999","Epipactis microphylla","SAR1",1999,"Mediterranean forest",7,3,3
"83","SAR1_1999","Hedera helix","SAR1",1999,"Mediterranean forest",5,5,4
"84","SAR1_1999","Ilex aquifolium","SAR1",1999,"Mediterranean forest",5,5,4
"85","SAR1_1999","Quercus ilex","SAR1",1999,"Mediterranean forest",9,4,7
"86","SAR1_1999","Rubus ulmifolius","SAR1",1999,"Mediterranean forest",8,4,7
"87","SAR1_1999","Ruscus aculeatus","SAR1",1999,"Mediterranean forest",8,4,4
"88","SAR1_1999","Smilax aspera","SAR1",1999,"Mediterranean forest",10,4,6
"89","SAR1_1999","Tamus communis","SAR1",1999,"Mediterranean forest",7,5,5
"90","SAR1_1999","Galium rotundifolium","SAR1",1999,"Mediterranean forest",8,4,3
"91","SAR1_1999","Clematis vitalba","SAR1",1999,"Mediterranean forest",7,5,7
"92","SAR1_1999","Asparagus acutifolius","SAR1",1999,"Mediterranean forest",9,2,6
"93","SAR1_1999","Asplenium onopteris","SAR1",1999,"Mediterranean forest",7.7,3.7,5
"94","SAR1_1999","Rosa sempervirens","SAR1",1999,"Mediterranean forest",8,4,6
"95","SAR1_1999","Carex distachya","SAR1",1999,"Mediterranean forest",6,4,6
"96","SAR1_1999","Cyclamen repandum","SAR1",1999,"Mediterranean forest",9,3,4
"97","SAR1_2002","Brachypodium sylvaticum","SAR1",2002,"Mediterranean forest",5,5,4
"98","SAR1_2002","Cytisus villosus","SAR1",2002,"Mediterranean forest",8,4,6
"99","SAR1_2002","Epipactis microphylla","SAR1",2002,"Mediterranean forest",7,3,3
"100","SAR1_2002","Geranium robertianum","SAR1",2002,"Mediterranean forest",6,4,4
"101","SAR1_2002","Hedera helix","SAR1",2002,"Mediterranean forest",5,5,4
"102","SAR1_2002","Ilex aquifolium","SAR1",2002,"Mediterranean forest",5,5,4
"103","SAR1_2002","Quercus ilex","SAR1",2002,"Mediterranean forest",9,4,7
"104","SAR1_2002","Rubus ulmifolius","SAR1",2002,"Mediterranean forest",8,4,7
"105","SAR1_2002","Ruscus aculeatus","SAR1",2002,"Mediterranean forest",8,4,4
"106","SAR1_2002","Smilax aspera","SAR1",2002,"Mediterranean forest",10,4,6
"107","SAR1_2002","Tamus communis","SAR1",2002,"Mediterranean forest",7,5,5
"108","SAR1_2002","Epipactis helleborine","SAR1",2002,"Mediterranean forest",5,5,3
"109","SAR1_2002","Galium rotundifolium","SAR1",2002,"Mediterranean forest",8,4,3
"110","SAR1_2002","Clematis vitalba","SAR1",2002,"Mediterranean forest",7,5,7
"111","SAR1_2002","Asparagus acutifolius","SAR1",2002,"Mediterranean forest",9,2,6
"112","SAR1_2002","Asplenium onopteris","SAR1",2002,"Mediterranean forest",7.7,3.7,5
"113","SAR1_2002","Rosa sempervirens","SAR1",2002,"Mediterranean forest",8,4,6
"114","SAR1_2002","Carex distachya","SAR1",2002,"Mediterranean forest",6,4,6
"115","SAR1_2002","Arbutus unedo","SAR1",2002,"Mediterranean forest",9,3,9
"116","SAR1_2002","Cyclamen repandum","SAR1",2002,"Mediterranean forest",9,3,4
"117","SAR1_2002","Urtica sp.","SAR1",2002,"Mediterranean forest",NA,NA,NA
"118","SAR1_2002","Orobanche schultzii","SAR1",2002,"Mediterranean forest",12,3,7
"119","SAR1_2002","Iris foetidissima","SAR1",2002,"Mediterranean forest",7,4,7
"120","SAR1_2002","Phillyrea latifolia","SAR1",2002,"Mediterranean forest",8,4,6
"121","SAR1_2005","Cytisus villosus","SAR1",2005,"Mediterranean forest",8,4,6
"122","SAR1_2005","Epipactis microphylla","SAR1",2005,"Mediterranean forest",7,3,3
"123","SAR1_2005","Hedera helix","SAR1",2005,"Mediterranean forest",5,5,4
"124","SAR1_2005","Ilex aquifolium","SAR1",2005,"Mediterranean forest",5,5,4
"125","SAR1_2005","Quercus ilex","SAR1",2005,"Mediterranean forest",9,4,7
"126","SAR1_2005","Rubus ulmifolius","SAR1",2005,"Mediterranean forest",8,4,7
"127","SAR1_2005","Ruscus aculeatus","SAR1",2005,"Mediterranean forest",8,4,4
"128","SAR1_2005","Smilax aspera","SAR1",2005,"Mediterranean forest",10,4,6
"129","SAR1_2005","Tamus communis","SAR1",2005,"Mediterranean forest",7,5,5
"130","SAR1_2005","Epipactis helleborine","SAR1",2005,"Mediterranean forest",5,5,3
"131","SAR1_2005","Galium rotundifolium","SAR1",2005,"Mediterranean forest",8,4,3
"132","SAR1_2005","Clematis vitalba","SAR1",2005,"Mediterranean forest",7,5,7
"133","SAR1_2005","Asparagus acutifolius","SAR1",2005,"Mediterranean forest",9,2,6
"134","SAR1_2005","Asplenium onopteris","SAR1",2005,"Mediterranean forest",7.7,3.7,5
"135","SAR1_2005","Rosa sempervirens","SAR1",2005,"Mediterranean forest",8,4,6
"136","SAR1_2005","Carex distachya","SAR1",2005,"Mediterranean forest",6,4,6
"137","SAR1_2005","Arbutus unedo","SAR1",2005,"Mediterranean forest",9,3,9
"138","SAR1_2005","Cyclamen repandum","SAR1",2005,"Mediterranean forest",9,3,4
"139","SAR1_2005","Orobanche schultzii","SAR1",2005,"Mediterranean forest",12,3,7
"140","SAR1_2005","Phillyrea latifolia","SAR1",2005,"Mediterranean forest",8,4,6
"141","SAR1_2006","Brachypodium sylvaticum","SAR1",2006,"Mediterranean forest",5,5,4
"142","SAR1_2006","Cytisus villosus","SAR1",2006,"Mediterranean forest",8,4,6
"143","SAR1_2006","Epipactis microphylla","SAR1",2006,"Mediterranean forest",7,3,3
"144","SAR1_2006","Hedera helix","SAR1",2006,"Mediterranean forest",5,5,4
"145","SAR1_2006","Ilex aquifolium","SAR1",2006,"Mediterranean forest",5,5,4
"146","SAR1_2006","Quercus ilex","SAR1",2006,"Mediterranean forest",9,4,7
"147","SAR1_2006","Rubus ulmifolius","SAR1",2006,"Mediterranean forest",8,4,7
"148","SAR1_2006","Ruscus aculeatus","SAR1",2006,"Mediterranean forest",8,4,4
"149","SAR1_2006","Smilax aspera","SAR1",2006,"Mediterranean forest",10,4,6
"150","SAR1_2006","Tamus communis","SAR1",2006,"Mediterranean forest",7,5,5
"151","SAR1_2006","Epipactis helleborine","SAR1",2006,"Mediterranean forest",5,5,3
"152","SAR1_2006","Galium rotundifolium","SAR1",2006,"Mediterranean forest",8,4,3
"153","SAR1_2006","Clematis vitalba","SAR1",2006,"Mediterranean forest",7,5,7
"154","SAR1_2006","Asparagus acutifolius","SAR1",2006,"Mediterranean forest",9,2,6
"155","SAR1_2006","Asplenium onopteris","SAR1",2006,"Mediterranean forest",7.7,3.7,5
"156","SAR1_2006","Rosa sempervirens","SAR1",2006,"Mediterranean forest",8,4,6
"157","SAR1_2006","Carex distachya","SAR1",2006,"Mediterranean forest",6,4,6
"158","SAR1_2006","Arbutus unedo","SAR1",2006,"Mediterranean forest",9,3,9
"159","SAR1_2006","Cyclamen repandum","SAR1",2006,"Mediterranean forest",9,3,4
"160","SAR1_2006","Orobanche schultzii","SAR1",2006,"Mediterranean forest",12,3,7
"161","SAR1_2006","Phillyrea latifolia","SAR1",2006,"Mediterranean forest",8,4,6
"162","SAR1_2006","Acer monspessulanum","SAR1",2006,"Mediterranean forest",8,3,6
"163","SAR1_2009","Cytisus villosus","SAR1",2009,"Mediterranean forest",8,4,6
"164","SAR1_2009","Epipactis microphylla","SAR1",2009,"Mediterranean forest",7,3,3
"165","SAR1_2009","Hedera helix","SAR1",2009,"Mediterranean forest",5,5,4
"166","SAR1_2009","Ilex aquifolium","SAR1",2009,"Mediterranean forest",5,5,4
"167","SAR1_2009","Quercus ilex","SAR1",2009,"Mediterranean forest",9,4,7
"168","SAR1_2009","Rubus ulmifolius","SAR1",2009,"Mediterranean forest",8,4,7
"169","SAR1_2009","Ruscus aculeatus","SAR1",2009,"Mediterranean forest",8,4,4
"170","SAR1_2009","Smilax aspera","SAR1",2009,"Mediterranean forest",10,4,6
"171","SAR1_2009","Tamus communis","SAR1",2009,"Mediterranean forest",7,5,5
"172","SAR1_2009","Epipactis helleborine","SAR1",2009,"Mediterranean forest",5,5,3
"173","SAR1_2009","Galium rotundifolium","SAR1",2009,"Mediterranean forest",8,4,3
"174","SAR1_2009","Clematis vitalba","SAR1",2009,"Mediterranean forest",7,5,7
"175","SAR1_2009","Asparagus acutifolius","SAR1",2009,"Mediterranean forest",9,2,6
"176","SAR1_2009","Asplenium onopteris","SAR1",2009,"Mediterranean forest",7.7,3.7,5
"177","SAR1_2009","Rosa sempervirens","SAR1",2009,"Mediterranean forest",8,4,6
"178","SAR1_2009","Carex distachya","SAR1",2009,"Mediterranean forest",6,4,6
"179","SAR1_2009","Arbutus unedo","SAR1",2009,"Mediterranean forest",9,3,9
"180","SAR1_2009","Cyclamen repandum","SAR1",2009,"Mediterranean forest",9,3,4
"181","SAR1_2009","Orobanche schultzii","SAR1",2009,"Mediterranean forest",12,3,7
"182","SAR1_2009","Phillyrea latifolia","SAR1",2009,"Mediterranean forest",8,4,6
"183","SAR1_2009","Arisarum vulgare","SAR1",2009,"Mediterranean forest",8,4,6
"184","SAR1_2009","Geranium purpureum","SAR1",2009,"Mediterranean forest",8,3,7
"185","SAR1_2011","Cytisus villosus","SAR1",2011,"Mediterranean forest",8,4,6
"186","SAR1_2011","Epipactis microphylla","SAR1",2011,"Mediterranean forest",7,3,3
"187","SAR1_2011","Hedera helix","SAR1",2011,"Mediterranean forest",5,5,4
"188","SAR1_2011","Ilex aquifolium","SAR1",2011,"Mediterranean forest",5,5,4
"189","SAR1_2011","Quercus ilex","SAR1",2011,"Mediterranean forest",9,4,7
"190","SAR1_2011","Rubus ulmifolius","SAR1",2011,"Mediterranean forest",8,4,7
"191","SAR1_2011","Ruscus aculeatus","SAR1",2011,"Mediterranean forest",8,4,4
"192","SAR1_2011","Smilax aspera","SAR1",2011,"Mediterranean forest",10,4,6
"193","SAR1_2011","Tamus communis","SAR1",2011,"Mediterranean forest",7,5,5
"194","SAR1_2011","Galium rotundifolium","SAR1",2011,"Mediterranean forest",8,4,3
"195","SAR1_2011","Clematis vitalba","SAR1",2011,"Mediterranean forest",7,5,7
"196","SAR1_2011","Polypodium vulgare","SAR1",2011,"Mediterranean forest",5,5,5
"197","SAR1_2011","Asparagus acutifolius","SAR1",2011,"Mediterranean forest",9,2,6
"198","SAR1_2011","Asplenium onopteris","SAR1",2011,"Mediterranean forest",7.7,3.7,5
"199","SAR1_2011","Rosa sempervirens","SAR1",2011,"Mediterranean forest",8,4,6
"200","SAR1_2011","Carex distachya","SAR1",2011,"Mediterranean forest",6,4,6
"201","SAR1_2011","Arbutus unedo","SAR1",2011,"Mediterranean forest",9,3,9
"202","SAR1_2011","Cyclamen repandum","SAR1",2011,"Mediterranean forest",9,3,4
"203","SAR1_2011","Orobanche schultzii","SAR1",2011,"Mediterranean forest",12,3,7
"204","SAR1_2011","Phillyrea latifolia","SAR1",2011,"Mediterranean forest",8,4,6
"205","SAR1_2011","Arisarum vulgare","SAR1",2011,"Mediterranean forest",8,4,6
"206","SAR1_2011","Geranium purpureum","SAR1",2011,"Mediterranean forest",8,3,7
"207","SAR1_2012","Cytisus villosus","SAR1",2012,"Mediterranean forest",8,4,6
"208","SAR1_2012","Hedera helix","SAR1",2012,"Mediterranean forest",5,5,4
"209","SAR1_2012","Ilex aquifolium","SAR1",2012,"Mediterranean forest",5,5,4
"210","SAR1_2012","Quercus ilex","SAR1",2012,"Mediterranean forest",9,4,7
"211","SAR1_2012","Rubus ulmifolius","SAR1",2012,"Mediterranean forest",8,4,7
"212","SAR1_2012","Ruscus aculeatus","SAR1",2012,"Mediterranean forest",8,4,4
"213","SAR1_2012","Smilax aspera","SAR1",2012,"Mediterranean forest",10,4,6
"214","SAR1_2012","Tamus communis","SAR1",2012,"Mediterranean forest",7,5,5
"215","SAR1_2012","Galium rotundifolium","SAR1",2012,"Mediterranean forest",8,4,3
"216","SAR1_2012","Clematis vitalba","SAR1",2012,"Mediterranean forest",7,5,7
"217","SAR1_2012","Polypodium vulgare","SAR1",2012,"Mediterranean forest",5,5,5
"218","SAR1_2012","Asparagus acutifolius","SAR1",2012,"Mediterranean forest",9,2,6
"219","SAR1_2012","Asplenium onopteris","SAR1",2012,"Mediterranean forest",7.7,3.7,5
"220","SAR1_2012","Rosa sempervirens","SAR1",2012,"Mediterranean forest",8,4,6
"221","SAR1_2012","Cyclamen repandum","SAR1",2012,"Mediterranean forest",9,3,4
"222","SAR1_2012","Orobanche schultzii","SAR1",2012,"Mediterranean forest",12,3,7
"223","SAR1_2012","Phillyrea latifolia","SAR1",2012,"Mediterranean forest",8,4,6
"224","SAR1_2012","Arisarum vulgare","SAR1",2012,"Mediterranean forest",8,4,6
"225","SAR1_2012","Geranium purpureum","SAR1",2012,"Mediterranean forest",8,3,7
"226","TOS1_1999","Brachypodium rupestre","TOS1",1999,"Mediterranean forest",6,5,8
"227","TOS1_1999","Cephalanthera longifolia","TOS1",1999,"Mediterranean forest",5,3,4
"228","TOS1_1999","Cyclamen hederifolium","TOS1",1999,"Mediterranean forest",8,5,4
"229","TOS1_1999","Fraxinus ornus","TOS1",1999,"Mediterranean forest",8,3,7
"230","TOS1_1999","Hedera helix","TOS1",1999,"Mediterranean forest",5,5,4
"231","TOS1_1999","Malus sylvestris","TOS1",1999,"Mediterranean forest",5,5,7
"232","TOS1_1999","Melica uniflora","TOS1",1999,"Mediterranean forest",5,5,3
"233","TOS1_1999","Prunus spinosa","TOS1",1999,"Mediterranean forest",5,4,7
"234","TOS1_1999","Pteridium aquilinum","TOS1",1999,"Mediterranean forest",5,6,6
"235","TOS1_1999","Quercus ilex","TOS1",1999,"Mediterranean forest",9,4,7
"236","TOS1_1999","Quercus pubescens","TOS1",1999,"Mediterranean forest",7,4.5,7
"237","TOS1_1999","Rubia peregrina","TOS1",1999,"Mediterranean forest",9,4,5
"238","TOS1_1999","Rubus ulmifolius","TOS1",1999,"Mediterranean forest",8,4,7
"239","TOS1_1999","Ruscus aculeatus","TOS1",1999,"Mediterranean forest",8,4,4
"240","TOS1_1999","Smilax aspera","TOS1",1999,"Mediterranean forest",10,4,6
"241","TOS1_1999","Sorbus torminalis","TOS1",1999,"Mediterranean forest",6,4,4
"242","TOS1_1999","Stachys officinalis","TOS1",1999,"Mediterranean forest",5,6,6
"243","TOS1_1999","Tamus communis","TOS1",1999,"Mediterranean forest",7,5,5
"244","TOS1_1999","Viola alba","TOS1",1999,"Mediterranean forest",8,5,5
"245","TOS1_1999","Ulmus minor","TOS1",1999,"Mediterranean forest",7.5,4.5,5.5
"246","TOS1_1999","Ajuga reptans","TOS1",1999,"Mediterranean forest",NA,6,6
"247","TOS1_1999","Coronilla emerus","TOS1",1999,"Mediterranean forest",6,3,7
"248","TOS1_1999","Asparagus acutifolius","TOS1",1999,"Mediterranean forest",9,2,6
"249","TOS1_1999","Asplenium onopteris","TOS1",1999,"Mediterranean forest",7.7,3.7,5
"250","TOS1_1999","Symphytum tuberosum","TOS1",1999,"Mediterranean forest",6,5,4
"251","TOS1_1999","Rosa sempervirens","TOS1",1999,"Mediterranean forest",8,4,6
"252","TOS1_1999","Scutellaria columnae","TOS1",1999,"Mediterranean forest",8,4,6
"253","TOS1_1999","Vitis vinifera","TOS1",1999,"Mediterranean forest",8,6,6
"254","TOS1_1999","Carex distachya","TOS1",1999,"Mediterranean forest",6,4,6
"255","TOS1_1999","Arbutus unedo","TOS1",1999,"Mediterranean forest",9,3,9
"256","TOS1_1999","Phillyrea latifolia","TOS1",1999,"Mediterranean forest",8,4,6
"257","TOS1_2000","Brachypodium rupestre","TOS1",2000,"Mediterranean forest",6,5,8
"258","TOS1_2000","Cephalanthera longifolia","TOS1",2000,"Mediterranean forest",5,3,4
"259","TOS1_2000","Fraxinus ornus","TOS1",2000,"Mediterranean forest",8,3,7
"260","TOS1_2000","Hedera helix","TOS1",2000,"Mediterranean forest",5,5,4
"261","TOS1_2000","Melica uniflora","TOS1",2000,"Mediterranean forest",5,5,3
"262","TOS1_2000","Pteridium aquilinum","TOS1",2000,"Mediterranean forest",5,6,6
"263","TOS1_2000","Quercus ilex","TOS1",2000,"Mediterranean forest",9,4,7
"264","TOS1_2000","Rubia peregrina","TOS1",2000,"Mediterranean forest",9,4,5
"265","TOS1_2000","Rubus ulmifolius","TOS1",2000,"Mediterranean forest",8,4,7
"266","TOS1_2000","Ruscus aculeatus","TOS1",2000,"Mediterranean forest",8,4,4
"267","TOS1_2000","Smilax aspera","TOS1",2000,"Mediterranean forest",10,4,6
"268","TOS1_2000","Sorbus torminalis","TOS1",2000,"Mediterranean forest",6,4,4
"269","TOS1_2000","Stachys officinalis","TOS1",2000,"Mediterranean forest",5,6,6
"270","TOS1_2000","Tamus communis","TOS1",2000,"Mediterranean forest",7,5,5
"271","TOS1_2000","Viola alba","TOS1",2000,"Mediterranean forest",8,5,5
"272","TOS1_2000","Ligustrum vulgare","TOS1",2000,"Mediterranean forest",6,5,7
"273","TOS1_2000","Ulmus minor","TOS1",2000,"Mediterranean forest",7.5,4.5,5.5
"274","TOS1_2000","Ajuga reptans","TOS1",2000,"Mediterranean forest",NA,6,6
"275","TOS1_2000","Pirus pyraster","TOS1",2000,"Mediterranean forest",6.5,5.5,6.5
"276","TOS1_2000","Coronilla emerus","TOS1",2000,"Mediterranean forest",6,3,7
"277","TOS1_2000","Asplenium onopteris","TOS1",2000,"Mediterranean forest",7.7,3.7,5
"278","TOS1_2000","Symphytum tuberosum","TOS1",2000,"Mediterranean forest",6,5,4
"279","TOS1_2000","Rosa sempervirens","TOS1",2000,"Mediterranean forest",8,4,6
"280","TOS1_2000","Scutellaria columnae","TOS1",2000,"Mediterranean forest",8,4,6
"281","TOS1_2000","Vitis vinifera","TOS1",2000,"Mediterranean forest",8,6,6
"282","TOS1_2000","Carex distachya","TOS1",2000,"Mediterranean forest",6,4,6
"283","TOS1_2001","Brachypodium rupestre","TOS1",2001,"Mediterranean forest",6,5,8
"284","TOS1_2001","Cephalanthera longifolia","TOS1",2001,"Mediterranean forest",5,3,4
"285","TOS1_2001","Cyclamen hederifolium","TOS1",2001,"Mediterranean forest",8,5,4
"286","TOS1_2001","Fraxinus ornus","TOS1",2001,"Mediterranean forest",8,3,7
"287","TOS1_2001","Hedera helix","TOS1",2001,"Mediterranean forest",5,5,4
"288","TOS1_2001","Melica uniflora","TOS1",2001,"Mediterranean forest",5,5,3
"289","TOS1_2001","Pteridium aquilinum","TOS1",2001,"Mediterranean forest",5,6,6
"290","TOS1_2001","Quercus ilex","TOS1",2001,"Mediterranean forest",9,4,7
"291","TOS1_2001","Quercus pubescens","TOS1",2001,"Mediterranean forest",7,4.5,7
"292","TOS1_2001","Rubia peregrina","TOS1",2001,"Mediterranean forest",9,4,5
"293","TOS1_2001","Rubus ulmifolius","TOS1",2001,"Mediterranean forest",8,4,7
"294","TOS1_2001","Ruscus aculeatus","TOS1",2001,"Mediterranean forest",8,4,4
"295","TOS1_2001","Smilax aspera","TOS1",2001,"Mediterranean forest",10,4,6
"296","TOS1_2001","Sorbus torminalis","TOS1",2001,"Mediterranean forest",6,4,4
"297","TOS1_2001","Stachys officinalis","TOS1",2001,"Mediterranean forest",5,6,6
"298","TOS1_2001","Tamus communis","TOS1",2001,"Mediterranean forest",7,5,5
"299","TOS1_2001","Viola alba","TOS1",2001,"Mediterranean forest",8,5,5
"300","TOS1_2001","Crataegus monogyna","TOS1",2001,"Mediterranean forest",7,4,6
"301","TOS1_2001","Ulmus minor","TOS1",2001,"Mediterranean forest",7.5,4.5,5.5
"302","TOS1_2001","Ajuga reptans","TOS1",2001,"Mediterranean forest",NA,6,6
"303","TOS1_2001","Pirus pyraster","TOS1",2001,"Mediterranean forest",6.5,5.5,6.5
"304","TOS1_2001","Coronilla emerus","TOS1",2001,"Mediterranean forest",6,3,7
"305","TOS1_2001","Asparagus acutifolius","TOS1",2001,"Mediterranean forest",9,2,6
"306","TOS1_2001","Asplenium onopteris","TOS1",2001,"Mediterranean forest",7.7,3.7,5
"307","TOS1_2001","Symphytum tuberosum","TOS1",2001,"Mediterranean forest",6,5,4
"308","TOS1_2001","Rosa sempervirens","TOS1",2001,"Mediterranean forest",8,4,6
"309","TOS1_2001","Scutellaria columnae","TOS1",2001,"Mediterranean forest",8,4,6
"310","TOS1_2001","Vitis vinifera","TOS1",2001,"Mediterranean forest",8,6,6
"311","TOS1_2001","Arbutus unedo","TOS1",2001,"Mediterranean forest",9,3,9
"312","TOS1_2002","Brachypodium rupestre","TOS1",2002,"Mediterranean forest",6,5,8
"313","TOS1_2002","Cephalanthera longifolia","TOS1",2002,"Mediterranean forest",5,3,4
"314","TOS1_2002","Cyclamen hederifolium","TOS1",2002,"Mediterranean forest",8,5,4
"315","TOS1_2002","Fraxinus ornus","TOS1",2002,"Mediterranean forest",8,3,7
"316","TOS1_2002","Hedera helix","TOS1",2002,"Mediterranean forest",5,5,4
"317","TOS1_2002","Melica uniflora","TOS1",2002,"Mediterranean forest",5,5,3
"318","TOS1_2002","Pteridium aquilinum","TOS1",2002,"Mediterranean forest",5,6,6
"319","TOS1_2002","Quercus cerris","TOS1",2002,"Mediterranean forest",8,4,6
"320","TOS1_2002","Quercus ilex","TOS1",2002,"Mediterranean forest",9,4,7
"321","TOS1_2002","Rubia peregrina","TOS1",2002,"Mediterranean forest",9,4,5
"322","TOS1_2002","Rubus ulmifolius","TOS1",2002,"Mediterranean forest",8,4,7
"323","TOS1_2002","Ruscus aculeatus","TOS1",2002,"Mediterranean forest",8,4,4
"324","TOS1_2002","Smilax aspera","TOS1",2002,"Mediterranean forest",10,4,6
"325","TOS1_2002","Sorbus torminalis","TOS1",2002,"Mediterranean forest",6,4,4
"326","TOS1_2002","Stachys officinalis","TOS1",2002,"Mediterranean forest",5,6,6
"327","TOS1_2002","Tamus communis","TOS1",2002,"Mediterranean forest",7,5,5
"328","TOS1_2002","Viola alba","TOS1",2002,"Mediterranean forest",8,5,5
"329","TOS1_2002","Crataegus monogyna","TOS1",2002,"Mediterranean forest",7,4,6
"330","TOS1_2002","Ulmus minor","TOS1",2002,"Mediterranean forest",7.5,4.5,5.5
"331","TOS1_2002","Ajuga reptans","TOS1",2002,"Mediterranean forest",NA,6,6
"332","TOS1_2002","Coronilla emerus","TOS1",2002,"Mediterranean forest",6,3,7
"333","TOS1_2002","Asparagus acutifolius","TOS1",2002,"Mediterranean forest",9,2,6
"334","TOS1_2002","Asplenium onopteris","TOS1",2002,"Mediterranean forest",7.7,3.7,5
"335","TOS1_2002","Symphytum tuberosum","TOS1",2002,"Mediterranean forest",6,5,4
"336","TOS1_2002","Rosa sempervirens","TOS1",2002,"Mediterranean forest",8,4,6
"337","TOS1_2002","Scutellaria columnae","TOS1",2002,"Mediterranean forest",8,4,6
"338","TOS1_2002","Vitis vinifera","TOS1",2002,"Mediterranean forest",8,6,6
"339","TOS1_2002","Arbutus unedo","TOS1",2002,"Mediterranean forest",9,3,9
"340","TOS1_2002","Ostrya carpinifolia","TOS1",2002,"Mediterranean forest",8,4,4
"341","TOS1_2003","Brachypodium rupestre","TOS1",2003,"Mediterranean forest",6,5,8
"342","TOS1_2003","Cephalanthera longifolia","TOS1",2003,"Mediterranean forest",5,3,4
"343","TOS1_2003","Cyclamen hederifolium","TOS1",2003,"Mediterranean forest",8,5,4
"344","TOS1_2003","Fraxinus ornus","TOS1",2003,"Mediterranean forest",8,3,7
"345","TOS1_2003","Hedera helix","TOS1",2003,"Mediterranean forest",5,5,4
"346","TOS1_2003","Melica uniflora","TOS1",2003,"Mediterranean forest",5,5,3
"347","TOS1_2003","Pteridium aquilinum","TOS1",2003,"Mediterranean forest",5,6,6
"348","TOS1_2003","Quercus ilex","TOS1",2003,"Mediterranean forest",9,4,7
"349","TOS1_2003","Quercus pubescens","TOS1",2003,"Mediterranean forest",7,4.5,7
"350","TOS1_2003","Rubia peregrina","TOS1",2003,"Mediterranean forest",9,4,5
"351","TOS1_2003","Rubus ulmifolius","TOS1",2003,"Mediterranean forest",8,4,7
"352","TOS1_2003","Ruscus aculeatus","TOS1",2003,"Mediterranean forest",8,4,4
"353","TOS1_2003","Smilax aspera","TOS1",2003,"Mediterranean forest",10,4,6
"354","TOS1_2003","Sorbus torminalis","TOS1",2003,"Mediterranean forest",6,4,4
"355","TOS1_2003","Stachys officinalis","TOS1",2003,"Mediterranean forest",5,6,6
"356","TOS1_2003","Tamus communis","TOS1",2003,"Mediterranean forest",7,5,5
"357","TOS1_2003","Viola alba","TOS1",2003,"Mediterranean forest",8,5,5
"358","TOS1_2003","Crataegus monogyna","TOS1",2003,"Mediterranean forest",7,4,6
"359","TOS1_2003","Ulmus minor","TOS1",2003,"Mediterranean forest",7.5,4.5,5.5
"360","TOS1_2003","Coronilla emerus","TOS1",2003,"Mediterranean forest",6,3,7
"361","TOS1_2003","Asplenium onopteris","TOS1",2003,"Mediterranean forest",7.7,3.7,5
"362","TOS1_2003","Symphytum tuberosum","TOS1",2003,"Mediterranean forest",6,5,4
"363","TOS1_2003","Rosa sempervirens","TOS1",2003,"Mediterranean forest",8,4,6
"364","TOS1_2003","Scutellaria columnae","TOS1",2003,"Mediterranean forest",8,4,6
"365","TOS1_2003","Vitis vinifera","TOS1",2003,"Mediterranean forest",8,6,6
"366","TOS1_2003","Arbutus unedo","TOS1",2003,"Mediterranean forest",9,3,9
"367","TOS1_2003","Ostrya carpinifolia","TOS1",2003,"Mediterranean forest",8,4,4
"368","TOS1_2004","Cyclamen hederifolium","TOS1",2004,"Mediterranean forest",8,5,4
"369","TOS1_2004","Fraxinus ornus","TOS1",2004,"Mediterranean forest",8,3,7
"370","TOS1_2004","Hedera helix","TOS1",2004,"Mediterranean forest",5,5,4
"371","TOS1_2004","Lonicera caprifolium","TOS1",2004,"Mediterranean forest",5,6,6
"372","TOS1_2004","Melica uniflora","TOS1",2004,"Mediterranean forest",5,5,3
"373","TOS1_2004","Prunus spinosa","TOS1",2004,"Mediterranean forest",5,4,7
"374","TOS1_2004","Pteridium aquilinum","TOS1",2004,"Mediterranean forest",5,6,6
"375","TOS1_2004","Quercus ilex","TOS1",2004,"Mediterranean forest",9,4,7
"376","TOS1_2004","Quercus pubescens","TOS1",2004,"Mediterranean forest",7,4.5,7
"377","TOS1_2004","Rubia peregrina","TOS1",2004,"Mediterranean forest",9,4,5
"378","TOS1_2004","Rubus ulmifolius","TOS1",2004,"Mediterranean forest",8,4,7
"379","TOS1_2004","Ruscus aculeatus","TOS1",2004,"Mediterranean forest",8,4,4
"380","TOS1_2004","Smilax aspera","TOS1",2004,"Mediterranean forest",10,4,6
"381","TOS1_2004","Sorbus torminalis","TOS1",2004,"Mediterranean forest",6,4,4
"382","TOS1_2004","Stachys officinalis","TOS1",2004,"Mediterranean forest",5,6,6
"383","TOS1_2004","Tamus communis","TOS1",2004,"Mediterranean forest",7,5,5
"384","TOS1_2004","Viburnum tinus","TOS1",2004,"Mediterranean forest",9,4,5
"385","TOS1_2004","Viola alba","TOS1",2004,"Mediterranean forest",8,5,5
"386","TOS1_2004","Epipactis helleborine","TOS1",2004,"Mediterranean forest",5,5,3
"387","TOS1_2004","Crataegus monogyna","TOS1",2004,"Mediterranean forest",7,4,6
"388","TOS1_2004","Ulmus minor","TOS1",2004,"Mediterranean forest",7.5,4.5,5.5
"389","TOS1_2004","Ajuga reptans","TOS1",2004,"Mediterranean forest",NA,6,6
"390","TOS1_2004","Coronilla emerus","TOS1",2004,"Mediterranean forest",6,3,7
"391","TOS1_2004","Asparagus acutifolius","TOS1",2004,"Mediterranean forest",9,2,6
"392","TOS1_2004","Asplenium onopteris","TOS1",2004,"Mediterranean forest",7.7,3.7,5
"393","TOS1_2004","Symphytum tuberosum","TOS1",2004,"Mediterranean forest",6,5,4
"394","TOS1_2004","Scutellaria columnae","TOS1",2004,"Mediterranean forest",8,4,6
"395","TOS1_2004","Arbutus unedo","TOS1",2004,"Mediterranean forest",9,3,9
"396","TOS1_2005","Brachypodium rupestre","TOS1",2005,"Mediterranean forest",6,5,8
"397","TOS1_2005","Cyclamen hederifolium","TOS1",2005,"Mediterranean forest",8,5,4
"398","TOS1_2005","Fraxinus ornus","TOS1",2005,"Mediterranean forest",8,3,7
"399","TOS1_2005","Hedera helix","TOS1",2005,"Mediterranean forest",5,5,4
"400","TOS1_2005","Lonicera caprifolium","TOS1",2005,"Mediterranean forest",5,6,6
"401","TOS1_2005","Melica uniflora","TOS1",2005,"Mediterranean forest",5,5,3
"402","TOS1_2005","Prunus avium","TOS1",2005,"Mediterranean forest",5,5,4
"403","TOS1_2005","Pteridium aquilinum","TOS1",2005,"Mediterranean forest",5,6,6
"404","TOS1_2005","Quercus ilex","TOS1",2005,"Mediterranean forest",9,4,7
"405","TOS1_2005","Quercus pubescens","TOS1",2005,"Mediterranean forest",7,4.5,7
"406","TOS1_2005","Rubia peregrina","TOS1",2005,"Mediterranean forest",9,4,5
"407","TOS1_2005","Rubus ulmifolius","TOS1",2005,"Mediterranean forest",8,4,7
"408","TOS1_2005","Ruscus aculeatus","TOS1",2005,"Mediterranean forest",8,4,4
"409","TOS1_2005","Smilax aspera","TOS1",2005,"Mediterranean forest",10,4,6
"410","TOS1_2005","Sorbus torminalis","TOS1",2005,"Mediterranean forest",6,4,4
"411","TOS1_2005","Stachys officinalis","TOS1",2005,"Mediterranean forest",5,6,6
"412","TOS1_2005","Tamus communis","TOS1",2005,"Mediterranean forest",7,5,5
"413","TOS1_2005","Viola alba","TOS1",2005,"Mediterranean forest",8,5,5
"414","TOS1_2005","Epipactis helleborine","TOS1",2005,"Mediterranean forest",5,5,3
"415","TOS1_2005","Ligustrum vulgare","TOS1",2005,"Mediterranean forest",6,5,7
"416","TOS1_2005","Ulmus minor","TOS1",2005,"Mediterranean forest",7.5,4.5,5.5
"417","TOS1_2005","Ajuga reptans","TOS1",2005,"Mediterranean forest",NA,6,6
"418","TOS1_2005","Coronilla emerus","TOS1",2005,"Mediterranean forest",6,3,7
"419","TOS1_2005","Asplenium onopteris","TOS1",2005,"Mediterranean forest",7.7,3.7,5
"420","TOS1_2005","Symphytum tuberosum","TOS1",2005,"Mediterranean forest",6,5,4
"421","TOS1_2005","Rosa sempervirens","TOS1",2005,"Mediterranean forest",8,4,6
"422","TOS1_2005","Scutellaria columnae","TOS1",2005,"Mediterranean forest",8,4,6
"423","TOS1_2005","Vitis vinifera","TOS1",2005,"Mediterranean forest",8,6,6
"424","TOS1_2005","Arbutus unedo","TOS1",2005,"Mediterranean forest",9,3,9
"425","TOS1_2005","Scilla bifolia","TOS1",2005,"Mediterranean forest",6,6,5
"426","TOS1_2006","Brachypodium rupestre","TOS1",2006,"Mediterranean forest",6,5,8
"427","TOS1_2006","Cyclamen hederifolium","TOS1",2006,"Mediterranean forest",8,5,4
"428","TOS1_2006","Fraxinus ornus","TOS1",2006,"Mediterranean forest",8,3,7
"429","TOS1_2006","Hedera helix","TOS1",2006,"Mediterranean forest",5,5,4
"430","TOS1_2006","Melica uniflora","TOS1",2006,"Mediterranean forest",5,5,3
"431","TOS1_2006","Prunus spinosa","TOS1",2006,"Mediterranean forest",5,4,7
"432","TOS1_2006","Pteridium aquilinum","TOS1",2006,"Mediterranean forest",5,6,6
"433","TOS1_2006","Quercus ilex","TOS1",2006,"Mediterranean forest",9,4,7
"434","TOS1_2006","Quercus pubescens","TOS1",2006,"Mediterranean forest",7,4.5,7
"435","TOS1_2006","Rubia peregrina","TOS1",2006,"Mediterranean forest",9,4,5
"436","TOS1_2006","Rubus ulmifolius","TOS1",2006,"Mediterranean forest",8,4,7
"437","TOS1_2006","Ruscus aculeatus","TOS1",2006,"Mediterranean forest",8,4,4
"438","TOS1_2006","Smilax aspera","TOS1",2006,"Mediterranean forest",10,4,6
"439","TOS1_2006","Sorbus torminalis","TOS1",2006,"Mediterranean forest",6,4,4
"440","TOS1_2006","Stachys officinalis","TOS1",2006,"Mediterranean forest",5,6,6
"441","TOS1_2006","Tamus communis","TOS1",2006,"Mediterranean forest",7,5,5
"442","TOS1_2006","Viola alba","TOS1",2006,"Mediterranean forest",8,5,5
"443","TOS1_2006","Epipactis helleborine","TOS1",2006,"Mediterranean forest",5,5,3
"444","TOS1_2006","Crataegus monogyna","TOS1",2006,"Mediterranean forest",7,4,6
"445","TOS1_2006","Clematis vitalba","TOS1",2006,"Mediterranean forest",7,5,7
"446","TOS1_2006","Ulmus minor","TOS1",2006,"Mediterranean forest",7.5,4.5,5.5
"447","TOS1_2006","Ajuga reptans","TOS1",2006,"Mediterranean forest",NA,6,6
"448","TOS1_2006","Coronilla emerus","TOS1",2006,"Mediterranean forest",6,3,7
"449","TOS1_2006","Asparagus acutifolius","TOS1",2006,"Mediterranean forest",9,2,6
"450","TOS1_2006","Asplenium onopteris","TOS1",2006,"Mediterranean forest",7.7,3.7,5
"451","TOS1_2006","Symphytum tuberosum","TOS1",2006,"Mediterranean forest",6,5,4
"452","TOS1_2006","Scutellaria columnae","TOS1",2006,"Mediterranean forest",8,4,6
"453","TOS1_2006","Arbutus unedo","TOS1",2006,"Mediterranean forest",9,3,9
"454","TOS1_2008","Brachypodium rupestre","TOS1",2008,"Mediterranean forest",6,5,8
"455","TOS1_2008","Cyclamen hederifolium","TOS1",2008,"Mediterranean forest",8,5,4
"456","TOS1_2008","Fraxinus ornus","TOS1",2008,"Mediterranean forest",8,3,7
"457","TOS1_2008","Hedera helix","TOS1",2008,"Mediterranean forest",5,5,4
"458","TOS1_2008","Melica uniflora","TOS1",2008,"Mediterranean forest",5,5,3
"459","TOS1_2008","Prunus spinosa","TOS1",2008,"Mediterranean forest",5,4,7
"460","TOS1_2008","Pteridium aquilinum","TOS1",2008,"Mediterranean forest",5,6,6
"461","TOS1_2008","Quercus ilex","TOS1",2008,"Mediterranean forest",9,4,7
"462","TOS1_2008","Quercus pubescens","TOS1",2008,"Mediterranean forest",7,4.5,7
"463","TOS1_2008","Rubia peregrina","TOS1",2008,"Mediterranean forest",9,4,5
"464","TOS1_2008","Rubus ulmifolius","TOS1",2008,"Mediterranean forest",8,4,7
"465","TOS1_2008","Ruscus aculeatus","TOS1",2008,"Mediterranean forest",8,4,4
"466","TOS1_2008","Smilax aspera","TOS1",2008,"Mediterranean forest",10,4,6
"467","TOS1_2008","Sorbus torminalis","TOS1",2008,"Mediterranean forest",6,4,4
"468","TOS1_2008","Stachys officinalis","TOS1",2008,"Mediterranean forest",5,6,6
"469","TOS1_2008","Tamus communis","TOS1",2008,"Mediterranean forest",7,5,5
"470","TOS1_2008","Viola alba","TOS1",2008,"Mediterranean forest",8,5,5
"471","TOS1_2008","Epipactis helleborine","TOS1",2008,"Mediterranean forest",5,5,3
"472","TOS1_2008","Crataegus monogyna","TOS1",2008,"Mediterranean forest",7,4,6
"473","TOS1_2008","Ulmus minor","TOS1",2008,"Mediterranean forest",7.5,4.5,5.5
"474","TOS1_2008","Ajuga reptans","TOS1",2008,"Mediterranean forest",NA,6,6
"475","TOS1_2008","Asparagus acutifolius","TOS1",2008,"Mediterranean forest",9,2,6
"476","TOS1_2008","Asplenium onopteris","TOS1",2008,"Mediterranean forest",7.7,3.7,5
"477","TOS1_2008","Symphytum tuberosum","TOS1",2008,"Mediterranean forest",6,5,4
"478","TOS1_2008","Scutellaria columnae","TOS1",2008,"Mediterranean forest",8,4,6
"479","TOS1_2009","Brachypodium rupestre","TOS1",2009,"Mediterranean forest",6,5,8
"480","TOS1_2009","Cephalanthera longifolia","TOS1",2009,"Mediterranean forest",5,3,4
"481","TOS1_2009","Fraxinus ornus","TOS1",2009,"Mediterranean forest",8,3,7
"482","TOS1_2009","Hedera helix","TOS1",2009,"Mediterranean forest",5,5,4
"483","TOS1_2009","Lonicera caprifolium","TOS1",2009,"Mediterranean forest",5,6,6
"484","TOS1_2009","Melica uniflora","TOS1",2009,"Mediterranean forest",5,5,3
"485","TOS1_2009","Myrtus communis","TOS1",2009,"Mediterranean forest",9,4,8
"486","TOS1_2009","Pteridium aquilinum","TOS1",2009,"Mediterranean forest",5,6,6
"487","TOS1_2009","Quercus cerris","TOS1",2009,"Mediterranean forest",8,4,6
"488","TOS1_2009","Quercus ilex","TOS1",2009,"Mediterranean forest",9,4,7
"489","TOS1_2009","Quercus pubescens","TOS1",2009,"Mediterranean forest",7,4.5,7
"490","TOS1_2009","Rubia peregrina","TOS1",2009,"Mediterranean forest",9,4,5
"491","TOS1_2009","Rubus ulmifolius","TOS1",2009,"Mediterranean forest",8,4,7
"492","TOS1_2009","Ruscus aculeatus","TOS1",2009,"Mediterranean forest",8,4,4
"493","TOS1_2009","Smilax aspera","TOS1",2009,"Mediterranean forest",10,4,6
"494","TOS1_2009","Sorbus torminalis","TOS1",2009,"Mediterranean forest",6,4,4
"495","TOS1_2009","Stachys officinalis","TOS1",2009,"Mediterranean forest",5,6,6
"496","TOS1_2009","Tamus communis","TOS1",2009,"Mediterranean forest",7,5,5
"497","TOS1_2009","Viola alba","TOS1",2009,"Mediterranean forest",8,5,5
"498","TOS1_2009","Ajuga reptans","TOS1",2009,"Mediterranean forest",NA,6,6
"499","TOS1_2009","Asparagus acutifolius","TOS1",2009,"Mediterranean forest",9,2,6
"500","TOS1_2009","Asplenium onopteris","TOS1",2009,"Mediterranean forest",7.7,3.7,5
"501","TOS1_2009","Symphytum tuberosum","TOS1",2009,"Mediterranean forest",6,5,4
"502","TOS1_2009","Rosa sempervirens","TOS1",2009,"Mediterranean forest",8,4,6
"503","TOS1_2009","Scutellaria columnae","TOS1",2009,"Mediterranean forest",8,4,6
"504","TOS1_2009","Arbutus unedo","TOS1",2009,"Mediterranean forest",9,3,9
"505","TOS1_2011","Brachypodium rupestre","TOS1",2011,"Mediterranean forest",6,5,8
"506","TOS1_2011","Fraxinus ornus","TOS1",2011,"Mediterranean forest",8,3,7
"507","TOS1_2011","Hedera helix","TOS1",2011,"Mediterranean forest",5,5,4
"508","TOS1_2011","Lonicera caprifolium","TOS1",2011,"Mediterranean forest",5,6,6
"509","TOS1_2011","Melica uniflora","TOS1",2011,"Mediterranean forest",5,5,3
"510","TOS1_2011","Myrtus communis","TOS1",2011,"Mediterranean forest",9,4,8
"511","TOS1_2011","Pteridium aquilinum","TOS1",2011,"Mediterranean forest",5,6,6
"512","TOS1_2011","Quercus cerris","TOS1",2011,"Mediterranean forest",8,4,6
"513","TOS1_2011","Quercus ilex","TOS1",2011,"Mediterranean forest",9,4,7
"514","TOS1_2011","Quercus pubescens","TOS1",2011,"Mediterranean forest",7,4.5,7
"515","TOS1_2011","Rubia peregrina","TOS1",2011,"Mediterranean forest",9,4,5
"516","TOS1_2011","Rubus ulmifolius","TOS1",2011,"Mediterranean forest",8,4,7
"517","TOS1_2011","Ruscus aculeatus","TOS1",2011,"Mediterranean forest",8,4,4
"518","TOS1_2011","Smilax aspera","TOS1",2011,"Mediterranean forest",10,4,6
"519","TOS1_2011","Sorbus torminalis","TOS1",2011,"Mediterranean forest",6,4,4
"520","TOS1_2011","Stachys officinalis","TOS1",2011,"Mediterranean forest",5,6,6
"521","TOS1_2011","Tamus communis","TOS1",2011,"Mediterranean forest",7,5,5
"522","TOS1_2011","Viola alba","TOS1",2011,"Mediterranean forest",8,5,5
"523","TOS1_2011","Crataegus monogyna","TOS1",2011,"Mediterranean forest",7,4,6
"524","TOS1_2011","Ulmus minor","TOS1",2011,"Mediterranean forest",7.5,4.5,5.5
"525","TOS1_2011","Ajuga reptans","TOS1",2011,"Mediterranean forest",NA,6,6
"526","TOS1_2011","Coronilla emerus","TOS1",2011,"Mediterranean forest",6,3,7
"527","TOS1_2011","Asparagus acutifolius","TOS1",2011,"Mediterranean forest",9,2,6
"528","TOS1_2011","Asplenium onopteris","TOS1",2011,"Mediterranean forest",7.7,3.7,5
"529","TOS1_2011","Symphytum tuberosum","TOS1",2011,"Mediterranean forest",6,5,4
"530","TOS1_2011","Rosa sempervirens","TOS1",2011,"Mediterranean forest",8,4,6
"531","TOS1_2011","Scutellaria columnae","TOS1",2011,"Mediterranean forest",8,4,6
"532","TOS1_2011","Vitis vinifera","TOS1",2011,"Mediterranean forest",8,6,6
"533","TOS1_2011","Arbutus unedo","TOS1",2011,"Mediterranean forest",9,3,9
"534","TOS1_2011","Rhamnus alaternus","TOS1",2011,"Mediterranean forest",9,4,7
"535","TOS1_2013","Fraxinus ornus","TOS1",2013,"Mediterranean forest",8,3,7
"536","TOS1_2013","Hedera helix","TOS1",2013,"Mediterranean forest",5,5,4
"537","TOS1_2013","Malus sylvestris","TOS1",2013,"Mediterranean forest",5,5,7
"538","TOS1_2013","Quercus ilex","TOS1",2013,"Mediterranean forest",9,4,7
"539","TOS1_2013","Rubia peregrina","TOS1",2013,"Mediterranean forest",9,4,5
"540","TOS1_2013","Rubus ulmifolius","TOS1",2013,"Mediterranean forest",8,4,7
"541","TOS1_2013","Ruscus aculeatus","TOS1",2013,"Mediterranean forest",8,4,4
"542","TOS1_2013","Smilax aspera","TOS1",2013,"Mediterranean forest",10,4,6
"543","TOS1_2013","Tamus communis","TOS1",2013,"Mediterranean forest",7,5,5
"544","TOS1_2013","Viola alba","TOS1",2013,"Mediterranean forest",8,5,5
"545","TOS1_2013","Ulmus minor","TOS1",2013,"Mediterranean forest",7.5,4.5,5.5
"546","TOS1_2013","Coronilla emerus","TOS1",2013,"Mediterranean forest",6,3,7
"547","TOS1_2013","Asplenium onopteris","TOS1",2013,"Mediterranean forest",7.7,3.7,5
"548","TOS1_2013","Symphytum tuberosum","TOS1",2013,"Mediterranean forest",6,5,4
"549","TOS1_2013","Vitis vinifera","TOS1",2013,"Mediterranean forest",8,6,6
"550","TOS1_2013","Arbutus unedo","TOS1",2013,"Mediterranean forest",9,3,9
"551","TOS1_2014","Fraxinus ornus","TOS1",2014,"Mediterranean forest",8,3,7
"552","TOS1_2014","Hedera helix","TOS1",2014,"Mediterranean forest",5,5,4
"553","TOS1_2014","Malus sylvestris","TOS1",2014,"Mediterranean forest",5,5,7
"554","TOS1_2014","Melica uniflora","TOS1",2014,"Mediterranean forest",5,5,3
"555","TOS1_2014","Quercus ilex","TOS1",2014,"Mediterranean forest",9,4,7
"556","TOS1_2014","Rubia peregrina","TOS1",2014,"Mediterranean forest",9,4,5
"557","TOS1_2014","Rubus ulmifolius","TOS1",2014,"Mediterranean forest",8,4,7
"558","TOS1_2014","Ruscus aculeatus","TOS1",2014,"Mediterranean forest",8,4,4
"559","TOS1_2014","Smilax aspera","TOS1",2014,"Mediterranean forest",10,4,6
"560","TOS1_2014","Tamus communis","TOS1",2014,"Mediterranean forest",7,5,5
"561","TOS1_2014","Ulmus minor","TOS1",2014,"Mediterranean forest",7.5,4.5,5.5
"562","TOS1_2014","Ajuga reptans","TOS1",2014,"Mediterranean forest",NA,6,6
"563","TOS1_2014","Asplenium onopteris","TOS1",2014,"Mediterranean forest",7.7,3.7,5
"564","TOS1_2014","Rosa sempervirens","TOS1",2014,"Mediterranean forest",8,4,6
"565","TOS1_2014","Vitis vinifera","TOS1",2014,"Mediterranean forest",8,6,6
"566","TOS1_2014","Malus domestica","TOS1",2014,"Mediterranean forest",7,5,7
"567","TOS1_2014","Fissidens serrulatus","TOS1",2014,"Mediterranean forest",NA,NA,NA
"568","TOS2_2005","Carex olbiensis","TOS2",2005,"Mediterranean forest",8,3,4
"569","TOS2_2005","Cyclamen hederifolium","TOS2",2005,"Mediterranean forest",8,5,4
"570","TOS2_2005","Cytisus villosus","TOS2",2005,"Mediterranean forest",8,4,6
"571","TOS2_2005","Fraxinus ornus","TOS2",2005,"Mediterranean forest",8,3,7
"572","TOS2_2005","Myrtus communis","TOS2",2005,"Mediterranean forest",9,4,8
"573","TOS2_2005","Quercus ilex","TOS2",2005,"Mediterranean forest",9,4,7
"574","TOS2_2005","Quercus pubescens","TOS2",2005,"Mediterranean forest",7,4.5,7
"575","TOS2_2005","Rubia peregrina","TOS2",2005,"Mediterranean forest",9,4,5
"576","TOS2_2005","Ruscus aculeatus","TOS2",2005,"Mediterranean forest",8,4,4
"577","TOS2_2005","Smilax aspera","TOS2",2005,"Mediterranean forest",10,4,6
"578","TOS2_2005","Tamus communis","TOS2",2005,"Mediterranean forest",7,5,5
"579","TOS2_2005","Viburnum tinus","TOS2",2005,"Mediterranean forest",9,4,5
"580","TOS2_2005","Viola alba","TOS2",2005,"Mediterranean forest",8,5,5
"581","TOS2_2005","Asparagus acutifolius","TOS2",2005,"Mediterranean forest",9,2,6
"582","TOS2_2005","Asplenium onopteris","TOS2",2005,"Mediterranean forest",7.7,3.7,5
"583","TOS2_2005","Carex distachya","TOS2",2005,"Mediterranean forest",6,4,6
"584","TOS2_2005","Arum italicum","TOS2",2005,"Mediterranean forest",8,4,6
"585","TOS2_2005","Arbutus unedo","TOS2",2005,"Mediterranean forest",9,3,9
"586","TOS2_2010","Brachypodium rupestre","TOS2",2010,"Mediterranean forest",6,5,8
"587","TOS2_2010","Brachypodium sylvaticum","TOS2",2010,"Mediterranean forest",5,5,4
"588","TOS2_2010","Carex olbiensis","TOS2",2010,"Mediterranean forest",8,3,4
"589","TOS2_2010","Cyclamen hederifolium","TOS2",2010,"Mediterranean forest",8,5,4
"590","TOS2_2010","Cytisus scoparius","TOS2",2010,"Mediterranean forest",6,5,7
"591","TOS2_2010","Cytisus villosus","TOS2",2010,"Mediterranean forest",8,4,6
"592","TOS2_2010","Fraxinus ornus","TOS2",2010,"Mediterranean forest",8,3,7
"593","TOS2_2010","Quercus ilex","TOS2",2010,"Mediterranean forest",9,4,7
"594","TOS2_2010","Quercus pubescens","TOS2",2010,"Mediterranean forest",7,4.5,7
"595","TOS2_2010","Rubia peregrina","TOS2",2010,"Mediterranean forest",9,4,5
"596","TOS2_2010","Rubus ulmifolius","TOS2",2010,"Mediterranean forest",8,4,7
"597","TOS2_2010","Ruscus aculeatus","TOS2",2010,"Mediterranean forest",8,4,4
"598","TOS2_2010","Smilax aspera","TOS2",2010,"Mediterranean forest",10,4,6
"599","TOS2_2010","Tamus communis","TOS2",2010,"Mediterranean forest",7,5,5
"600","TOS2_2010","Viburnum tinus","TOS2",2010,"Mediterranean forest",9,4,5
"601","TOS2_2010","Viola alba","TOS2",2010,"Mediterranean forest",8,5,5
"602","TOS2_2010","Carex distachya","TOS2",2010,"Mediterranean forest",6,4,6
"603","TOS2_2010","Arum italicum","TOS2",2010,"Mediterranean forest",8,4,6
"604","TOS2_2010","Arbutus unedo","TOS2",2010,"Mediterranean forest",9,3,9
"605","TOS2_2010","Rhamnus alaternus","TOS2",2010,"Mediterranean forest",9,4,7
"606","TOS2_2011","Fraxinus ornus","TOS2",2011,"Mediterranean forest",8,3,7
"607","TOS2_2011","Myrtus communis","TOS2",2011,"Mediterranean forest",9,4,8
"608","TOS2_2011","Quercus ilex","TOS2",2011,"Mediterranean forest",9,4,7
"609","TOS2_2011","Quercus pubescens","TOS2",2011,"Mediterranean forest",7,4.5,7
"610","TOS2_2011","Rubia peregrina","TOS2",2011,"Mediterranean forest",9,4,5
"611","TOS2_2011","Ruscus aculeatus","TOS2",2011,"Mediterranean forest",8,4,4
"612","TOS2_2011","Smilax aspera","TOS2",2011,"Mediterranean forest",10,4,6
"613","TOS2_2011","Viburnum tinus","TOS2",2011,"Mediterranean forest",9,4,5
"614","TOS2_2011","Viola alba","TOS2",2011,"Mediterranean forest",8,5,5
"615","TOS2_2011","Asparagus acutifolius","TOS2",2011,"Mediterranean forest",9,2,6
"616","TOS2_2011","Carex distachya","TOS2",2011,"Mediterranean forest",6,4,6
"617","TOS2_2011","Phillyrea latifolia","TOS2",2011,"Mediterranean forest",8,4,6
"618","TOS2_2012","Cytisus scoparius","TOS2",2012,"Mediterranean forest",6,5,7
"619","TOS2_2012","Fraxinus ornus","TOS2",2012,"Mediterranean forest",8,3,7
"620","TOS2_2012","Myrtus communis","TOS2",2012,"Mediterranean forest",9,4,8
"621","TOS2_2012","Quercus cerris","TOS2",2012,"Mediterranean forest",8,4,6
"622","TOS2_2012","Quercus ilex","TOS2",2012,"Mediterranean forest",9,4,7
"623","TOS2_2012","Quercus pubescens","TOS2",2012,"Mediterranean forest",7,4.5,7
"624","TOS2_2012","Rubia peregrina","TOS2",2012,"Mediterranean forest",9,4,5
"625","TOS2_2012","Ruscus aculeatus","TOS2",2012,"Mediterranean forest",8,4,4
"626","TOS2_2012","Smilax aspera","TOS2",2012,"Mediterranean forest",10,4,6
"627","TOS2_2012","Viburnum tinus","TOS2",2012,"Mediterranean forest",9,4,5
"628","TOS2_2012","Viola alba","TOS2",2012,"Mediterranean forest",8,5,5
"629","TOS2_2012","Carex distachya","TOS2",2012,"Mediterranean forest",6,4,6
"630","TOS2_2012","Phillyrea latifolia","TOS2",2012,"Mediterranean forest",8,4,6
"631","TOS2_2012","Phillyrea angustifolia","TOS2",2012,"Mediterranean forest",10,2,9
"632","TOS2_2023","Andryala integrifolia","TOS2",2023,"Mediterranean forest",9,4,8
"633","TOS2_2023","Carex hallerana","TOS2",2023,"Mediterranean forest",7,3,5
"634","TOS2_2023","Carex olbiensis","TOS2",2023,"Mediterranean forest",8,3,4
"635","TOS2_2023","Cytisus villosus","TOS2",2023,"Mediterranean forest",8,4,6
"636","TOS2_2023","Fraxinus ornus","TOS2",2023,"Mediterranean forest",8,3,7
"637","TOS2_2023","Hypericum perfoliatum","TOS2",2023,"Mediterranean forest",8,4,6
"638","TOS2_2023","Myrtus communis","TOS2",2023,"Mediterranean forest",9,4,8
"639","TOS2_2023","Olea europaea","TOS2",2023,"Mediterranean forest",10,3,9
"640","TOS2_2023","Oryzopsis miliacea","TOS2",2023,"Mediterranean forest",9,4,5
"641","TOS2_2023","Picris hieracioides","TOS2",2023,"Mediterranean forest",6,4,8
"642","TOS2_2023","Pistacia lentiscus","TOS2",2023,"Mediterranean forest",10,2,9
"643","TOS2_2023","Quercus ilex","TOS2",2023,"Mediterranean forest",9,4,7
"644","TOS2_2023","Quercus pubescens","TOS2",2023,"Mediterranean forest",7,4.5,7
"645","TOS2_2023","Rubia peregrina","TOS2",2023,"Mediterranean forest",9,4,5
"646","TOS2_2023","Ruscus aculeatus","TOS2",2023,"Mediterranean forest",8,4,4
"647","TOS2_2023","Smilax aspera","TOS2",2023,"Mediterranean forest",10,4,6
"648","TOS2_2023","Sonchus oleraceus","TOS2",2023,"Mediterranean forest",5,4,7
"649","TOS2_2023","Trifolium sp.","TOS2",2023,"Mediterranean forest",NA,NA,NA
"650","TOS2_2023","Viburnum tinus","TOS2",2023,"Mediterranean forest",9,4,5
"651","TOS2_2023","Viola alba","TOS2",2023,"Mediterranean forest",8,5,5
